NAME,ADDRESS,POSTALCODE,DESCRIPTION
Telok Blangah  CC,450 Telok Blangah Street 31,108943,Civil Defence Public Shelter (Community Club/Centre)
Ulu Pandan CC,170 Ghim Moh Road,279621,Civil Defence Public Shelter (Community Club/Centre)
Toa Payoh West CC,200 Lorong 2 Toa Payoh,319642,Civil Defence Public Shelter (Community Club/Centre)
Marine Parade CC,278 Marine Parade Road,449282,Civil Defence Public Shelter (Community Club/Centre)
Pasir Ris Elias  CC,93 Pasir Ris Drive 3,519498,Civil Defence Public Shelter (Community Club/Centre)
Tampines West  CC,10 Tampines Street 81,529014,Civil Defence Public Shelter (Community Club/Centre)
Tampines East  CC,10 Tampines Street 23,529341,Civil Defence Public Shelter (Community Club/Centre)
Punggol CC,3 Hougang Ave 6,538808,Civil Defence Public Shelter (Community Club/Centre)
Teck Ghee CC,861 Ang Mo Kio Ave 10,569734,Civil Defence Public Shelter (Community Club/Centre)
Ang Mo Kio  CC,795 Ang Mo Kio Ave 1,569976,Civil Defence Public Shelter (Community Club/Centre)
Bishan CC,51 Bishan Street 13,579799,Civil Defence Public Shelter (Community Club/Centre)
Nanyang CC,60 Jurong West Street 91,649040,Civil Defence Public Shelter (Community Club/Centre)
Jurong Green  CC,6 Jurong West Ave 1,649520,Civil Defence Public Shelter (Community Club/Centre)
Hong Kah North  CC,30 Bukit Batok Street 31,659440,Civil Defence Public Shelter (Community Club/Centre)
Bukit Batok CC,21 Bukit Batok Central,659959,Civil Defence Public Shelter (Community Club/Centre)
Zheng Hua CC,1 Segar Road,677738,Civil Defence Public Shelter (Community Club/Centre)
Bukit Panjang  CC,8 Pending Rd,678295,Civil Defence Public Shelter (Community Club/Centre)
Choa Chu Kang  CC,35 Teck Whye Ave,688892,Civil Defence Public Shelter (Community Club/Centre)
Nee Soon East  CC,1 Yishun Ave 9,768893,Civil Defence Public Shelter (Community Club/Centre)
HDB,Blk 21 Queen's Close #01-141 ,140021,Civil Defence Public Shelter (HDB)
HDB,Blk 132 Clarence Lane #01-12 ,140132,Civil Defence Public Shelter (HDB)
HDB,Blk 82 Stratmore Ave #01-148 ,141082,Civil Defence Public Shelter (HDB)
HDB,Blk 35 Jalan Rumah Tinggi #01-493,150035,Civil Defence Public Shelter (HDB)
HDB,Blk 36 Jalan Rumah Tinggi #01-447,150036,Civil Defence Public Shelter (HDB)
HDB,Blk 82 Redhill Lane #01-65 ,150082,Civil Defence Public Shelter (HDB)
HDB,Blk 125 Bukit Merah View #01-386 ,151125,Civil Defence Public Shelter (HDB)
HDB,Blk 123 Kim Tian Road #01-62 ,160123,Civil Defence Public Shelter (HDB)
HDB,Blk 40 Cambridge Road #01-115,210040,Civil Defence Public Shelter (HDB)
HDB,Blk 30A Holland Close #01-209 ,271030,Civil Defence Public Shelter (HDB)
HDB,Blk 3A Holland Close #01-55 ,272003,Civil Defence Public Shelter (HDB)
HDB,Blk 43 Toa Payoh Lor 5 #01-131 ,310043,Civil Defence Public Shelter (HDB)
HDB,Blk 50 Toa Payoh Lor 5 #01-69 ,310050,Civil Defence Public Shelter (HDB)
HDB,Blk 86 Toa Payoh Lor 2 #01-333 ,310086,Civil Defence Public Shelter (HDB)
HDB,Blk 80A Toa Payoh Lorong 4 #01-454 ,311080,Civil Defence Public Shelter (HDB)
HDB,Blk 172A Toa Payoh Lor 1 #01-1170 ,311172,Civil Defence Public Shelter (HDB)
HDB,Blk 80B Toa Payoh Lorong 4 #01-440 ,312080,Civil Defence Public Shelter (HDB)
HDB,Blk 115 Whampoa Road #01-115 ,320115,Civil Defence Public Shelter (HDB)
HDB,Blk 4C St George's Lane #01-157 ,322004,Civil Defence Public Shelter (HDB)
HDB,Blk 6 Boon Keng Road #01-52 ,330006,Civil Defence Public Shelter (HDB)
HDB,Blk 42 Circuit Road #01-531 ,370042,Civil Defence Public Shelter (HDB)
HDB,Blk 55 Pipit Road #01-04 ,370055,Civil Defence Public Shelter (HDB)
HDB,Blk 645 Jalan Tenaga #01-105 ,410645,Civil Defence Public Shelter (HDB)
HDB,Blk 651 Jalan Tenaga #01-04 ,410651,Civil Defence Public Shelter (HDB)
HDB,Blk 655 Jalan Tenaga #01-94 ,410655,Civil Defence Public Shelter (HDB)
HDB,Blk 660 Jalan Tenaga #01-134 ,410660,Civil Defence Public Shelter (HDB)
HDB,Blk 661 Jalan Damai #01-129 ,410661,Civil Defence Public Shelter (HDB)
HDB,Blk 671 Jalan Damai #01-03 ,410671,Civil Defence Public Shelter (HDB)
HDB,Blk 29A Chai Chee Ave #01-74 ,461029,Civil Defence Public Shelter (HDB)
HDB,Blk 10C Bedok South Ave 2 #01-562 ,462010,Civil Defence Public Shelter (HDB)
HDB,Blk 136 Pasir Ris Street 11 #01-233 ,510136,Civil Defence Public Shelter (HDB)
HDB,Blk 138 Pasir Ris St 11 #01-207 ,510138,Civil Defence Public Shelter (HDB)
HDB,Blk 148 Pasir Ris St 13 #01-24 ,510148,Civil Defence Public Shelter (HDB)
HDB,Blk 156 Pasir Ris St 13 #01-35 ,510156,Civil Defence Public Shelter (HDB)
HDB,Blk 185 Pasir Ris St 11 #01-60 ,510185,Civil Defence Public Shelter (HDB)
HDB,Blk 192 Pasir Ris Street 12 #01-06 ,510192,Civil Defence Public Shelter (HDB)
HDB,Blk 194 Pasir Ris Street 12 #01-76 ,510194,Civil Defence Public Shelter (HDB)
HDB,Blk 207 Pasir Ris St 21 #01-356 ,510207,Civil Defence Public Shelter (HDB)
HDB,Blk 212 Pasir Ris St 21 #01-226 ,510212,Civil Defence Public Shelter (HDB)
HDB,Blk 219/220 Pasir Ris St 21 #01-170 ,510220,Civil Defence Public Shelter (HDB)
HDB,Blk 221 Pasir Ris St 21 #01-116 ,510221,Civil Defence Public Shelter (HDB)
HDB,Blk 226 Pasir Ris St 21 #01-76 ,510226,Civil Defence Public Shelter (HDB)
HDB,Blk 230 Pasir Ris St 21 #01-44,510230,Civil Defence Public Shelter (HDB)
HDB,Blk 233 Pasir Ris Drive 4 #01-490,510233,Civil Defence Public Shelter (HDB)
HDB,Blk 247 Pasir Ris St 21 #01-145 ,510247,Civil Defence Public Shelter (HDB)
HDB,Blk 252 Pasir Ris St 21 #01-203 ,510252,Civil Defence Public Shelter (HDB)
HDB,Blk 273 Pasir Ris St 21 #01-498,510273,Civil Defence Public Shelter (HDB)
HDB,Blk 448 Pasir Ris Dr 6 #B1-150 ,510448,Civil Defence Public Shelter (HDB)
HDB,Blk 450 Pasir Ris Dr 6 #B1-164 ,510450,Civil Defence Public Shelter (HDB)
HDB,Blk 451 Pasir Ris Dr 6 #B1-186 ,510451,Civil Defence Public Shelter (HDB)
HDB,Blk 452 Pasir Ris Dr 6 #B1-232,510452,Civil Defence Public Shelter (HDB)
HDB,Blk 453 Pasir Ris Dr 6 #B1-222 ,510453,Civil Defence Public Shelter (HDB)
HDB,Blk 454 Pasir Ris Dr 6 #B1-210,510454,Civil Defence Public Shelter (HDB)
HDB,Blk 472 Pasir Ris Dr 6 #B1-458 ,510472,Civil Defence Public Shelter (HDB)
HDB,Blk 473 Pasir Ris Dr 6 #B1-498 ,510473,Civil Defence Public Shelter (HDB)
HDB,Blk 474 Pasir Ris Dr 6 #B1-568 ,510474,Civil Defence Public Shelter (HDB)
HDB,Blk 475 Pasir Ris Dr 6 #B1-544 ,510475,Civil Defence Public Shelter (HDB)
HDB,Blk 476 Pasir Ris Dr 6 #B1-538 ,510476,Civil Defence Public Shelter (HDB)
HDB,Blk 477 Pasir Ris Dr 6 #B1-520 ,510477,Civil Defence Public Shelter (HDB)
HDB,Blk 482 Pasir Ris Dr 4 #B1-395 ,510482,Civil Defence Public Shelter (HDB)
HDB,Blk 483 Pasir Ris Dr 4 #B1-477 ,510483,Civil Defence Public Shelter (HDB)
HDB,Blk 506 Pasir Ris St 52 #01-189 ,510506,Civil Defence Public Shelter (HDB)
HDB,Blk 515 Pasir Ris St 52 #01-81 ,510515,Civil Defence Public Shelter (HDB)
HDB,Blk 520 Pasir Ris St 52 #01-13 ,510520,Civil Defence Public Shelter (HDB)
HDB,Blk 560 Pasir Ris St 51 #01-235 ,510560,Civil Defence Public Shelter (HDB)
HDB,Blk 501 Pasir Ris St 52 #01-213 ,510561,Civil Defence Public Shelter (HDB)
HDB,Blk 570 Pasir Ris St 53 #01-64 ,510570,Civil Defence Public Shelter (HDB)
HDB,Blk 571 Pasir Ris St 53 #01-18 ,510571,Civil Defence Public Shelter (HDB)
HDB,Blk 585 Pasir Ris St 53 #01-43 ,510585,Civil Defence Public Shelter (HDB)
HDB,Blk 612 Elias Road #01-138 ,510612,Civil Defence Public Shelter (HDB)
HDB,Blk 614 Elias Road #01-120 ,510614,Civil Defence Public Shelter (HDB)
HDB,Blk 615 Elias Road #01-102 ,510615,Civil Defence Public Shelter (HDB)
HDB,Blk 626 Pasir Ris Dr 3 #01-302 ,510626,Civil Defence Public Shelter (HDB)
HDB,Blk 631 Pasir Ris Dr 3 #01-388 ,510631,Civil Defence Public Shelter (HDB)
HDB,Blk 634 Pasir Ris Dr 1 #01-608 ,510634,Civil Defence Public Shelter (HDB)
HDB,Blk 639 Pasir Ris Dr 1 #01-536 ,510639,Civil Defence Public Shelter (HDB)
HDB,Blk 644 Pasir Ris Dr 10 #01-20 ,510644,Civil Defence Public Shelter (HDB)
HDB,Blk 706 Pasir Ris Dr 10 #01-157 ,510706,Civil Defence Public Shelter (HDB)
HDB,Blk 716 Pasir Ris St 72 #01-09 ,510716,Civil Defence Public Shelter (HDB)
HDB,Blk 720 Pasir Ris St 72 #01-105 ,510720,Civil Defence Public Shelter (HDB)
HDB,Blk 739 Pasir Ris Dr 10 #01-11 ,510739,Civil Defence Public Shelter (HDB)
HDB,Blk 741 Pasir Ris St 71 #01-39 ,510741,Civil Defence Public Shelter (HDB)
HDB,Blk 750 Pasir Ris St 71 #01-10 ,510750,Civil Defence Public Shelter (HDB)
HDB,Blk 753 Pasir Ris St 71 #01-118,510753,Civil Defence Public Shelter (HDB)
HDB,Blk 760 Pasir Ris St 71 #01-202 ,510760,Civil Defence Public Shelter (HDB)
HDB,Blk 766 Pasir Ris St 71 #01-308 ,510766,Civil Defence Public Shelter (HDB)
HDB,Blk 775 Pasir Ris St 71 #01-402 ,510775,Civil Defence Public Shelter (HDB)
HDB,Blk 776 Pasir Ris St 71 #01-412 ,510776,Civil Defence Public Shelter (HDB)
HDB,Blk 243 Simei Street 5 #01-16 ,520243,Civil Defence Public Shelter (HDB)
HDB,Blk 256 Simei St 1 #01-517 ,520256,Civil Defence Public Shelter (HDB)
HDB,Blk 302 Tampines St 32 #01-36 ,520302,Civil Defence Public Shelter (HDB)
HDB,Blk 313 Tampines St 33 #01-26 ,520313,Civil Defence Public Shelter (HDB)
HDB,Blk 316 Tampines St 33 #01-180 ,520316,Civil Defence Public Shelter (HDB)
HDB,Blk 328 Tampines St 32 #01-362 ,520328,Civil Defence Public Shelter (HDB)
HDB,Blk 333 Tampines St 32 #01-536 ,520333,Civil Defence Public Shelter (HDB)
HDB,Blk 338 Tampines St 33 #01-204 ,520338,Civil Defence Public Shelter (HDB)
HDB,Blk 343 Tampines St 33 #01-318 ,520343,Civil Defence Public Shelter (HDB)
HDB,Blk 345 Tampines St 33 #01-350,520345,Civil Defence Public Shelter (HDB)
HDB,Blk 349 Tampines St 33 #01-434 ,520349,Civil Defence Public Shelter (HDB)
HDB,Blk 354 Tampines St 33 #01-530 ,520354,Civil Defence Public Shelter (HDB)
HDB,Blk 357 Tampines St 33 #01-610 ,520357,Civil Defence Public Shelter (HDB)
HDB,Blk 361 Tampines St 34 #01-401,520361,Civil Defence Public Shelter (HDB)
HDB,Blk 364 Tampines St 34 #01-133,520364,Civil Defence Public Shelter (HDB)
HDB,Blk 367 Tampines St 34 #01-77 ,520367,Civil Defence Public Shelter (HDB)
HDB,Blk 374 Tampines St 34 #01-42 ,520374,Civil Defence Public Shelter (HDB)
HDB,Blk 387 Tampines St 32 #01-87 ,520387,Civil Defence Public Shelter (HDB)
HDB,Blk 393 Tampines Ave 7 #01-251 ,520393,Civil Defence Public Shelter (HDB)
HDB,Blk 487A Tampines Ave 9 #B1-96 ,520487,Civil Defence Public Shelter (HDB)
HDB,Blk 492B Tampines Ave 9 #01-422 ,520492,Civil Defence Public Shelter (HDB)
HDB,Blk 493D/493E Tampines St 43 #01-326 ,520493,Civil Defence Public Shelter (HDB)
HDB,Blk 494B Tampines Ave 9 #01-458 ,520494,Civil Defence Public Shelter (HDB)
HDB,Blk 496G Tampines Ave 9 #01-500 ,520496,Civil Defence Public Shelter (HDB)
HDB,Blk 498A Tampines St 45 #01-360 ,520498,Civil Defence Public Shelter (HDB)
HDB,Blk 702 Tampines St 71 #01-14 ,520702,Civil Defence Public Shelter (HDB)
HDB,Blk 703 Tampines St 71 #01-34 ,520703,Civil Defence Public Shelter (HDB)
HDB,Blk 708 Tampines St 71 #01-102 ,520708,Civil Defence Public Shelter (HDB)
HDB,Blk 710 Tampines St 71 #01-134 ,520710,Civil Defence Public Shelter (HDB)
HDB,Blk 717 Tampines St 72 #01-75 ,520717,Civil Defence Public Shelter (HDB)
HDB,Blk 719 Tampines St 72 #01-37 ,520719,Civil Defence Public Shelter (HDB)
HDB,Blk 730 Tampines St 71 #01-61 ,520730,Civil Defence Public Shelter (HDB)
HDB,Blk 735 Tampines St 72 #01-04 ,520735,Civil Defence Public Shelter (HDB)
HDB,Blk 741 Tampines St 72 #01-74 ,520741,Civil Defence Public Shelter (HDB)
HDB,Blk 891 Tampines Ave 8 #01-82 ,520891,Civil Defence Public Shelter (HDB)
HDB,Blk 450A Tampines St 42 #01-356 ,521450,Civil Defence Public Shelter (HDB)
HDB,Blk 487B Tampines St 45 #B1-123 ,521487,Civil Defence Public Shelter (HDB)
HDB,Blk 488B Tampines St 45 #B1-147 ,521488,Civil Defence Public Shelter (HDB)
HDB,Blk 842G Tampines St 82 #01-96 ,521842,Civil Defence Public Shelter (HDB)
HDB,Blk 487C Tampines St 44 #B1-103 ,522487,Civil Defence Public Shelter (HDB)
HDB,Blk 497C Tampines St 45 #01-54 ,522497,Civil Defence Public Shelter (HDB)
HDB,Blk 491D/491E Tampines St 45 #01-224 ,523491,Civil Defence Public Shelter (HDB)
HDB,Blk 842C Tampines St 82 #01-46 ,523842,Civil Defence Public Shelter (HDB)
HDB,Blk 230B Tampines St 24 #01-21 ,525230,Civil Defence Public Shelter (HDB)
HDB,Blk 856E/856F Tampines St 82 #01-208 ,525856,Civil Defence Public Shelter (HDB)
HDB,Blk 497H Tampines St 45 #01-92 ,526497,Civil Defence Public Shelter (HDB)
HDB,Blk 450G Tampines St 42 #01-382 ,527450,Civil Defence Public Shelter (HDB)
HDB,Blk 498M Tampines St 45 #01-498 ,529498,Civil Defence Public Shelter (HDB)
HDB,Blk 159 Hougang Street 11 #01-17 ,530159,Civil Defence Public Shelter (HDB)
HDB,Blk 165 Hougang Ave 1 #01-1598 ,530165,Civil Defence Public Shelter (HDB)
HDB,Blk 221 Hougang St 21 #B1-100 ,530221,Civil Defence Public Shelter (HDB)
HDB,Blk 221 Hougang St 21 #B1-68 ,530221,Civil Defence Public Shelter (HDB)
HDB,Blk 222 Hougang St 21 #B1-134,530222,Civil Defence Public Shelter (HDB)
HDB,Blk 422 Hougang Ave 6 #B1-122 ,530422,Civil Defence Public Shelter (HDB)
HDB,Blk 423 Hougang Ave 6 #B1-102 ,530423,Civil Defence Public Shelter (HDB)
HDB,Blk 424 Hougang Ave 6 #B1-74 ,530424,Civil Defence Public Shelter (HDB)
HDB,Blk 425 Hougang Ave 6 #B1-62 ,530425,Civil Defence Public Shelter (HDB)
HDB,Blk 426 Hougang Ave 6 #B1-46 ,530426,Civil Defence Public Shelter (HDB)
HDB,Blk 428 Hougang Ave 6 #B1-12 ,530428,Civil Defence Public Shelter (HDB)
HDB,Blk 435 Hougang Ave 8 #B1-1679 ,530435,Civil Defence Public Shelter (HDB)
HDB,Blk 436 Hougang Ave 8 #B1-1505 ,530436,Civil Defence Public Shelter (HDB)
HDB,Blk 437 Hougang Ave 8 #B1-1521 ,530437,Civil Defence Public Shelter (HDB)
HDB,Blk 439 Hougang Ave 8 #B1-1555 ,530439,Civil Defence Public Shelter (HDB)
HDB,Blk 440 Hougang Ave 8 #B1-1567 ,530440,Civil Defence Public Shelter (HDB)
HDB,Blk 444 Hougang Ave 8 #B1-1591 ,530444,Civil Defence Public Shelter (HDB)
HDB,Blk 444 Hougang Ave 8 #B1-1599 ,530444,Civil Defence Public Shelter (HDB)
HDB,Blk 445 Hougang Ave 8 #B1-1615 ,530445,Civil Defence Public Shelter (HDB)
HDB,Blk 446 Hougang Ave 8 #B1-1635 ,530446,Civil Defence Public Shelter (HDB)
HDB,Blk 447 Hougang Ave 10 #B1-517 ,530447,Civil Defence Public Shelter (HDB)
HDB,Blk 448 Hougang Ave 10 #B1-529 ,530448,Civil Defence Public Shelter (HDB)
HDB,Blk 449 Hougang Ave 10 #B1-509,530449,Civil Defence Public Shelter (HDB)
HDB,Blk 450 Hougang Ave 10 #B1-541 ,530450,Civil Defence Public Shelter (HDB)
HDB,Blk 451 Hougang Ave 10 #B1-553 ,530451,Civil Defence Public Shelter (HDB)
HDB,Blk 452 Hougang Ave 10 #B1-565,530452,Civil Defence Public Shelter (HDB)
HDB,Blk 453 Hougang Ave 10 #B1-583 ,530453,Civil Defence Public Shelter (HDB)
HDB,Blk 468 Hougang Ave 8 #01-1510 ,530468,Civil Defence Public Shelter (HDB)
HDB,Blk 534 Hougang St 52 #B1-32,530534,Civil Defence Public Shelter (HDB)
HDB,Blk 535 Hougang Street 52 #B1-14 ,530535,Civil Defence Public Shelter (HDB)
HDB,Blk 536 Hougang St 52 #B1-106 ,530536,Civil Defence Public Shelter (HDB)
HDB,Blk 537 Hougang St 52 #B1-94 ,530537,Civil Defence Public Shelter (HDB)
HDB,Blk 538 Hougang Street 52 #B1-84 ,530538,Civil Defence Public Shelter (HDB)
HDB,Blk 539 Hougang St 52 #B1-48 ,530539,Civil Defence Public Shelter (HDB)
HDB,Blk 540 Hougang Ave 8 #B1-1235 ,530540,Civil Defence Public Shelter (HDB)
HDB,Blk 541 Hougang Ave 8 #B1-1215 ,530541,Civil Defence Public Shelter (HDB)
HDB,Blk 552 Hougang St 51 #B1-214 ,530552,Civil Defence Public Shelter (HDB)
HDB,"Blk 553 Hougang St 51 #B1-270, ",530553,Civil Defence Public Shelter (HDB)
HDB,Blk 570 Hougang St 51 #01-105 ,530570,Civil Defence Public Shelter (HDB)
HDB,Blk 573 Hougang St 51 #01-21 ,530573,Civil Defence Public Shelter (HDB)
HDB,Blk 580 Hougang Ave 4  #01-620 ,530580,Civil Defence Public Shelter (HDB)
HDB,Blk 836 Hougang Central #01-539 ,530836,Civil Defence Public Shelter (HDB)
HDB,Blk 837 Hougang Central #01-527 ,530837,Civil Defence Public Shelter (HDB)
HDB,Blk 911 Hougang St 91 #01-58 ,530911,Civil Defence Public Shelter (HDB)
HDB,Blk 915 Hougang St 91 #01-10 ,530915,Civil Defence Public Shelter (HDB)
HDB,Blk 916 Hougang Ave 9 #01-08 ,530916,Civil Defence Public Shelter (HDB)
HDB,Blk 919 Hougang Ave 9 #01-459 ,530919,Civil Defence Public Shelter (HDB)
HDB,Blk 925 Hougang Ave 9 #01-41 ,530925,Civil Defence Public Shelter (HDB)
HDB,Blk 927 Hougang Ave 9 #01-69 ,530927,Civil Defence Public Shelter (HDB)
HDB,Blk 509 Serangoon North Ave 4 #01-360 ,550509,Civil Defence Public Shelter (HDB)
HDB,Blk 512 Serangoon North Ave 4 #01-416,550512,Civil Defence Public Shelter (HDB)
HDB,Blk 517 Serangoon North Ave 4 #B1-228 ,550517,Civil Defence Public Shelter (HDB)
HDB,Blk 518 Serangoon North Ave 4 #B1-208 ,550518,Civil Defence Public Shelter (HDB)
HDB,Blk 523 Serangoon North Ave 4 #B1-30 ,550523,Civil Defence Public Shelter (HDB)
HDB,Blk 524 Serangoon North Ave 4 #B1-46 ,550523,Civil Defence Public Shelter (HDB)
HDB,Blk 533 Serangoon North Ave 4 #B1-233,550533,Civil Defence Public Shelter (HDB)
HDB,Blk 534 Serangoon North Ave 4 #B1-207 ,550534,Civil Defence Public Shelter (HDB)
HDB,Blk 540 Serangoon North Ave 4 #B1-109,550540,Civil Defence Public Shelter (HDB)
HDB,Blk 541 Serangoon North Ave 4 #B1-129 ,550541,Civil Defence Public Shelter (HDB)
HDB,Blk 546 Serangoon North Ave 3 #01-226 ,550546,Civil Defence Public Shelter (HDB)
HDB,Blk 548 Serangoon North Ave 3 #01-07,550548,Civil Defence Public Shelter (HDB)
HDB,Blk 554 Serangoon North Ave 3 #01-85,550554,Civil Defence Public Shelter (HDB)
HDB,Blk 617 Ang Mo Kio Ave 4 #01-1041,560617,Civil Defence Public Shelter (HDB)
HDB,Blk 619 Ang Mo Kio Ave 4 #01-1073 ,560619,Civil Defence Public Shelter (HDB)
HDB,Blk 212 Bishan St 23 #B1-257 ,570212,Civil Defence Public Shelter (HDB)
HDB,Blk 213 Bishan St 23 #B1-235 ,570213,Civil Defence Public Shelter (HDB)
HDB,Blk 214 Bishan St 23 #B1-223 ,570214,Civil Defence Public Shelter (HDB)
HDB,Blk 215 Bishan St 23 #B1-203 ,570215,Civil Defence Public Shelter (HDB)
HDB,Blk 220 Bishan St 23 #B1-189 ,570220,Civil Defence Public Shelter (HDB)
HDB,Blk 221 Bishan St 23 #B1-183 ,570221,Civil Defence Public Shelter (HDB)
HDB,Blk 222 Bishan St 23 #B1-169 ,570222,Civil Defence Public Shelter (HDB)
HDB,Blk 223 Bishan St 23 #B1-145 ,570223,Civil Defence Public Shelter (HDB)
HDB,Blk 224 Bishan St 23 #B1-131 ,570224,Civil Defence Public Shelter (HDB)
HDB,Blk 225 Bishan St 23 #B1-119 ,570225,Civil Defence Public Shelter (HDB)
HDB,Blk 226 Bishan St 23 #B1-101 ,570226,Civil Defence Public Shelter (HDB)
HDB,Blk 227 Bishan St 23 #B1-79,570227,Civil Defence Public Shelter (HDB)
HDB,Blk 228 Bishan St 23 #B1-71 ,570228,Civil Defence Public Shelter (HDB)
HDB,Blk 229 Bishan St 23 #B1-53 ,570229,Civil Defence Public Shelter (HDB)
HDB,Blk 230 Bishan St 23 #B1-35,570230,Civil Defence Public Shelter (HDB)
HDB,Blk 231 Bishan St 23 #B1-05 ,570231,Civil Defence Public Shelter (HDB)
HDB,Blk 232 Bishan St 22 #B1-112 ,570232,Civil Defence Public Shelter (HDB)
HDB,Blk 233 Bishan St 22 #B1-134 ,570233,Civil Defence Public Shelter (HDB)
HDB,Blk 234 Bishan St 22 #B1-118 ,570234,Civil Defence Public Shelter (HDB)
HDB,Blk 235 Bishan St 22 #B1-144 ,570235,Civil Defence Public Shelter (HDB)
HDB,Blk 236 Bishan St 22 #B1-154 ,570236,Civil Defence Public Shelter (HDB)
HDB,Blk 237 Bishan St 22 #B1-176 ,570237,Civil Defence Public Shelter (HDB)
HDB,Blk 238 Bishan St 22 #B1-228 ,570238,Civil Defence Public Shelter (HDB)
HDB,Blk 239 Bishan St 22 #B1-202 ,570239,Civil Defence Public Shelter (HDB)
HDB,Blk 241 Bishan St 22 #B1-236 ,570241,Civil Defence Public Shelter (HDB)
HDB,Blk 242 Bishan St 22 #B1-266 ,570242,Civil Defence Public Shelter (HDB)
HDB,Blk 243 Bishan St 22 #B1-274 ,570243,Civil Defence Public Shelter (HDB)
HDB,Blk 245 Bishan St 22 #B1-320 ,570245,Civil Defence Public Shelter (HDB)
HDB,Blk 246 Bishan St 22 #B1-338,570246,Civil Defence Public Shelter (HDB)
HDB,Blk 248 Bishan St 22 #B1-360 ,570248,Civil Defence Public Shelter (HDB)
HDB,Blk 249 Bishan St 22 #B1-370 ,570249,Civil Defence Public Shelter (HDB)
HDB,Blk 250 Bishan St 22 #B1-384 ,570250,Civil Defence Public Shelter (HDB)
HDB,Blk 251 Bishan St 22 #B1-408 ,570251,Civil Defence Public Shelter (HDB)
HDB,Blk 253 Bishan St 22 #B1-428 ,570253,Civil Defence Public Shelter (HDB)
HDB,Blk 254 Bishan St 22 #B1-444 ,570254,Civil Defence Public Shelter (HDB)
HDB,Blk 255 Bishan St 22 #B1-462 ,570255,Civil Defence Public Shelter (HDB)
HDB,Blk 256 Bishan St 22 #B1-472 ,570256,Civil Defence Public Shelter (HDB)
HDB,Blk 257 Bishan St 22 #B1-327 ,570257,Civil Defence Public Shelter (HDB)
HDB,Blk 259 Bishan St 22 #B1-309,570259,Civil Defence Public Shelter (HDB)
HDB,Blk 260 Bishan St 22 #B1-295 ,570260,Civil Defence Public Shelter (HDB)
HDB,Blk 261 Bishan St 22 #B1-229 ,570261,Civil Defence Public Shelter (HDB)
HDB,Blk 262 Bishan St 22 #B1-287 ,570262,Civil Defence Public Shelter (HDB)
HDB,Blk 264 Bishan St 24 #B1-114 ,570264,Civil Defence Public Shelter (HDB)
HDB,Blk 268 Bishan St 24 #B1-170 ,570268,Civil Defence Public Shelter (HDB)
HDB,Blk 269 Bishan St 24 #B1-192 ,570269,Civil Defence Public Shelter (HDB)
HDB,Blk 270 Bishan St 24 #B1-198 ,570270,Civil Defence Public Shelter (HDB)
HDB,Blk 271 Bishan St 24 #B1-218 ,570271,Civil Defence Public Shelter (HDB)
HDB,Blk 272 Bishan St 24 #B1-228 ,570272,Civil Defence Public Shelter (HDB)
HDB,Blk 288 Bishan St 24 #01-11 ,570288,Civil Defence Public Shelter (HDB)
HDB,Blk 293 Bishan St 22 #01-83 ,570293,Civil Defence Public Shelter (HDB)
HDB,Blk 151 Yung Ho Road #B1-91 ,610151,Civil Defence Public Shelter (HDB)
HDB,Blk 152 Yung Ho Road #B1-03 ,610152,Civil Defence Public Shelter (HDB)
HDB,Blk 153 Yung Ho Road #B1-35 ,610153,Civil Defence Public Shelter (HDB)
HDB,Blk 154 Yung Ho Road #B1-51 ,610154,Civil Defence Public Shelter (HDB)
HDB,Blk 156 Yung Loh Road #01-12 ,610155,Civil Defence Public Shelter (HDB)
HDB,Blk 163 Yung Ping Rd #01-90 ,610163,Civil Defence Public Shelter (HDB)
HDB,Blk 323 Tah Ching Rd #01-62 ,610323,Civil Defence Public Shelter (HDB)
HDB,Blk 324 Tah Ching Rd #01-46 ,610324,Civil Defence Public Shelter (HDB)
HDB,Blk 332 Tah Ching Rd #01-169 ,610332,Civil Defence Public Shelter (HDB)
HDB,Blk 347 Kang Ching Road #01-145,610347,Civil Defence Public Shelter (HDB)
HDB,Blk 351 Corporation Drive #01-520 ,610351,Civil Defence Public Shelter (HDB)
HDB,Blk 353 Kang Ching Road #01-39 ,610353,Civil Defence Public Shelter (HDB)
HDB,Blk 359 Yung An Road #01-79 ,610359,Civil Defence Public Shelter (HDB)
HDB,Blk 362 Yung An Road #01-131 ,610362,Civil Defence Public Shelter (HDB)
HDB,Blk 368 Corporation Drive #01-465 ,610368,Civil Defence Public Shelter (HDB)
HDB,Blk 260 Boon Lay Drive #01-527 ,640260,Civil Defence Public Shelter (HDB)
HDB,Blk 263 Boon Lay Drive #01-583 ,640263,Civil Defence Public Shelter (HDB)
HDB,Blk 690 Jurong West Central 1 #01-193 ,640690,Civil Defence Public Shelter (HDB)
HDB,Blk 691 Jurong West Central 1 #01-185 ,640691,Civil Defence Public Shelter (HDB)
HDB,Blk 692 Jurong West Central 1 #01-81 ,640692,Civil Defence Public Shelter (HDB)
HDB,Blk 694 Jurong West Central 1 #01-191 ,640694,Civil Defence Public Shelter (HDB)
HDB,Blk 705 Jurong West St 71 #01-78 ,640705,Civil Defence Public Shelter (HDB)
HDB,Blk 709 Jurong West St 71 #01-34 ,640709,Civil Defence Public Shelter (HDB)
HDB,Blk 711 Jurong West St 71 #B1-11 ,640711,Civil Defence Public Shelter (HDB)
HDB,Blk 713 Jurong West St 71 #B1-37 ,640713,Civil Defence Public Shelter (HDB)
HDB,Blk 714 Jurong West St 71 #B1-147 ,640714,Civil Defence Public Shelter (HDB)
HDB,Blk 715 Jurong West St 71 #B1-51 ,640715,Civil Defence Public Shelter (HDB)
HDB,Blk 716 Jurong West St 71 #B1-73 ,640716,Civil Defence Public Shelter (HDB)
HDB,Blk 717 Jurong West St 71 #B1-107 ,640717,Civil Defence Public Shelter (HDB)
HDB,Blk 718 Jurong West St 71 #B1-99 ,640718,Civil Defence Public Shelter (HDB)
HDB,Blk 720 Jurong West Ave 5 #B1-94 ,640720,Civil Defence Public Shelter (HDB)
HDB,Blk 721 Jurong West St 81 #B1-102 ,640721,Civil Defence Public Shelter (HDB)
HDB,Blk 722 Jurong West St 71 #B1-132 ,640722,Civil Defence Public Shelter (HDB)
HDB,Blk 723 Jurong West Ave 5 #B1-144 ,640723,Civil Defence Public Shelter (HDB)
HDB,Blk 724 Jurong West St 72 #B1-13 ,640724,Civil Defence Public Shelter (HDB)
HDB,Blk 725 Jurong West Ave 5 #B1-164 ,640725,Civil Defence Public Shelter (HDB)
HDB,Blk 727 Jurong West Ave 5 #B1-182 ,640727,Civil Defence Public Shelter (HDB)
HDB,Blk 728 Jurong West Ave 5 #B1-198 ,640728,Civil Defence Public Shelter (HDB)
HDB,Blk 729 Jurong West Ave 5 #B1-214 ,640729,Civil Defence Public Shelter (HDB)
HDB,Blk 730 Jurong West St 72 #B1-45 ,640730,Civil Defence Public Shelter (HDB)
HDB,Blk 731 Jurong West St 72 #B1-29 ,640731,Civil Defence Public Shelter (HDB)
HDB,Blk 732 Jurong West St 73 #01-48 ,640732,Civil Defence Public Shelter (HDB)
HDB,Blk 735 Jurong West St 75 #01-19 ,640735,Civil Defence Public Shelter (HDB)
HDB,Blk 743 Jurong West St 73 #B1-03 ,640743,Civil Defence Public Shelter (HDB)
HDB,Blk 745 Jurong West St 73 #B1-57 ,640745,Civil Defence Public Shelter (HDB)
HDB,Blk 746 Jurong West St 73 #B1-111 ,640746,Civil Defence Public Shelter (HDB)
HDB,Blk 748 Jurong West St 73 #B1-127 ,640748,Civil Defence Public Shelter (HDB)
HDB,Blk 749 Jurong West St 73 #B1-145 ,640749,Civil Defence Public Shelter (HDB)
HDB,Blk 751 Jurong West St 73 #B1-175 ,640751,Civil Defence Public Shelter (HDB)
HDB,Blk 760 Jurong West St 74 #01-08 ,640760,Civil Defence Public Shelter (HDB)
HDB,Blk 810 Jurong West St 81 #01-88 ,640810,Civil Defence Public Shelter (HDB)
HDB,Blk 811 Jurong West St 81 #01-64 ,640811,Civil Defence Public Shelter (HDB)
HDB,Blk 812 Jurong West St 81 #B1-164,640812,Civil Defence Public Shelter (HDB)
HDB,Blk 813 Jurong West St 81 #B1-184 ,640813,Civil Defence Public Shelter (HDB)
HDB,Blk 814 Jurong West St 81 #B1-204,640814,Civil Defence Public Shelter (HDB)
HDB,Blk 815 Jurong West St 81 #B1-222 ,640815,Civil Defence Public Shelter (HDB)
HDB,Blk 816 Jurong West St 81 #01-44 ,640816,Civil Defence Public Shelter (HDB)
HDB,Blk 821 Jurong West St 81 #B1-490 ,640821,Civil Defence Public Shelter (HDB)
HDB,Blk 823 Jurong West St 81 #B1-462 ,640823,Civil Defence Public Shelter (HDB)
HDB,Blk 824 Jurong West St 81 #B1-444 ,640824,Civil Defence Public Shelter (HDB)
HDB,Blk 826 Jurong West St 81 #B1-424 ,640826,Civil Defence Public Shelter (HDB)
HDB,Blk 835 Jurong West St 81 #B1-45 ,640835,Civil Defence Public Shelter (HDB)
HDB,Blk 836 Jurong West St 81 #01-65 ,640836,Civil Defence Public Shelter (HDB)
HDB,Blk 838 Jurong West St 81 #B1-153 ,640838,Civil Defence Public Shelter (HDB)
HDB,Blk 840 Jurong West St 81 #01-107 ,640840,Civil Defence Public Shelter (HDB)
HDB,Blk 845 Jurong West St 81 #01-229 ,640845,Civil Defence Public Shelter (HDB)
HDB,Blk 850 Jurong West St 81 #01-267 ,640850,Civil Defence Public Shelter (HDB)
HDB,Blk 852 Jurong West St 81 #01-303 ,640852,Civil Defence Public Shelter (HDB)
HDB,Blk 854 Jurong West St 81 #01-502 ,640854,Civil Defence Public Shelter (HDB)
HDB,Blk 859 Jurong West St 81 #01-572 ,640859,Civil Defence Public Shelter (HDB)
HDB,Blk 863 Jurong West St 81 #01-515 ,640863,Civil Defence Public Shelter (HDB)
HDB,Blk 188 Bukit Batok West Ave 6 #01-07 ,650188,Civil Defence Public Shelter (HDB)
HDB,Blk 285 Bukit Batok East Ave 3 #01-427 ,650285,Civil Defence Public Shelter (HDB)
HDB,Blk 290D Bukit Batok East Ave 3 #01-370 ,650290,Civil Defence Public Shelter (HDB)
HDB,Blk 625 Bukit Batok Central #01-386 ,650625,Civil Defence Public Shelter (HDB)
HDB,Blk 291B Bukit Batok #01-39 ,651291,Civil Defence Public Shelter (HDB)
HDB,Blk 288C Bukit Batok St 25 #01-28 ,652288,Civil Defence Public Shelter (HDB)
HDB,Blk 290A Bukit Batok St 24 #01-87 ,652290,Civil Defence Public Shelter (HDB)
HDB,Blk 289E Bukit Batok St 25 #01-160 ,654289,Civil Defence Public Shelter (HDB)
HDB,Blk 436 Fajar Road #B1-384 ,670436,Civil Defence Public Shelter (HDB)
HDB,Blk 438 Fajar Road #B1-412 ,670438,Civil Defence Public Shelter (HDB)
HDB,Blk 439 Fajar Road #B1-428 ,670439,Civil Defence Public Shelter (HDB)
HDB,Blk 441 Fajar Road #B1-466 ,670441,Civil Defence Public Shelter (HDB)
HDB,Blk 442 Fajar Rd #01-482 ,670442,Civil Defence Public Shelter (HDB)
HDB,Blk 451 Fajar Road #01-726 ,670451,Civil Defence Public Shelter (HDB)
HDB,Blk 453 Fajar Rd #01-702 ,670453,Civil Defence Public Shelter (HDB)
HDB,Blk 501 Jelapang Road #01-420 ,670501,Civil Defence Public Shelter (HDB)
HDB,Blk 505 Jelapang Road #01-448 ,670505,Civil Defence Public Shelter (HDB)
HDB,Blk 171A Gangsa Road #01-50,671171,Civil Defence Public Shelter (HDB)
HDB,Blk 150 Jalan Teck Whye #01-43,680150,Civil Defence Public Shelter (HDB)
HDB,Blk 151 Jalan Teck Whye #01-29 ,680151,Civil Defence Public Shelter (HDB)
HDB,Blk 163 Jalan Teck Whye #01-220 ,680163,Civil Defence Public Shelter (HDB)
HDB,Blk 202 Choa Chu Kang Ave 1 #B1-63 ,680202,Civil Defence Public Shelter (HDB)
HDB,Blk 203 Choa Chu Kang Ave 1 #B1-41 ,680203,Civil Defence Public Shelter (HDB)
HDB,Blk 204 Choa Chu Kang Ave 1 #B1-15 ,680204,Civil Defence Public Shelter (HDB)
HDB,Blk 207 Choa Chu Kang Central #B1-08 ,680207,Civil Defence Public Shelter (HDB)
HDB,Blk 208 Choa Chu Kang Central #B1-82 ,680208,Civil Defence Public Shelter (HDB)
HDB,Blk 210 Choa Chu Kang Central #B1-162 ,680210,Civil Defence Public Shelter (HDB)
HDB,Blk 211 Choa Chu Kang Central #B1-120 ,680211,Civil Defence Public Shelter (HDB)
HDB,Blk 214 Choa Chu Kang Central #B1-230 ,680214,Civil Defence Public Shelter (HDB)
HDB,Blk 215 Choa Chu Kang Central #B1-186 ,680215,Civil Defence Public Shelter (HDB)
HDB,Blk 217 Choa Chu Kang Central #B1-212 ,680217,Civil Defence Public Shelter (HDB)
HDB,Blk 218 Choa Chu Kang Central #B1-250 ,680218,Civil Defence Public Shelter (HDB)
HDB,Blk 219 Choa Chu Kang Central #B1-256 ,680219,Civil Defence Public Shelter (HDB)
HDB,Blk 220 Choa Chu Kang Central #B1-266,680220,Civil Defence Public Shelter (HDB)
HDB,Blk 230 Choa Chu Kang Central #B1-163 ,680230,Civil Defence Public Shelter (HDB)
HDB,Blk 232 Choa Chu Kang Central #B1-127 ,680232,Civil Defence Public Shelter (HDB)
HDB,Blk 233 Choa Chu Kang Central #B1-97 ,680233,Civil Defence Public Shelter (HDB)
HDB,Blk 235 Choa Chu Kang Central #B1-25 ,680235,Civil Defence Public Shelter (HDB)
HDB,Blk 237 Choa Chu Kang Central #B1-63 ,680237,Civil Defence Public Shelter (HDB)
HDB,Blk 252 Choa Chu Kang Ave 2 #01-304 ,680252,Civil Defence Public Shelter (HDB)
HDB,Blk 273 Choa Chu Kang Ave 2 #01-241 ,680273,Civil Defence Public Shelter (HDB)
HDB,Blk 284 Choa Chu Kang Ave 3 #B1-330 ,680284,Civil Defence Public Shelter (HDB)
HDB,Blk 285 Choa Chu Kang Ave 3 #B1-298 ,680285,Civil Defence Public Shelter (HDB)
HDB,Blk 286 Choa Chu Kang Ave 3 #B1-318 ,680286,Civil Defence Public Shelter (HDB)
HDB,Blk 287 Choa Chu Kang Ave 2 #B1-203 ,680287,Civil Defence Public Shelter (HDB)
HDB,Blk 288 Choa Chu Kang Ave 3 #B1-288 ,680288,Civil Defence Public Shelter (HDB)
HDB,Blk 289 Choa Chu Kang Ave 3 #B1-268,680289,Civil Defence Public Shelter (HDB)
HDB,Blk 294 Choa Chu Kang Ave 3 #B1-177 ,680294,Civil Defence Public Shelter (HDB)
HDB,Blk 295 Choa Chu Kang Ave 2 #B1-157 ,680295,Civil Defence Public Shelter (HDB)
HDB,Blk 296 Choa Chu Kang Ave 2 #01-12 ,680296,Civil Defence Public Shelter (HDB)
HDB,Blk 297C Choa Chu Kang Ave 2 #01-96 ,680297,Civil Defence Public Shelter (HDB)
HDB,Blk 340 Choa Chu Kang Loop #01-09 ,680340,Civil Defence Public Shelter (HDB)
HDB,Blk 445 Choa Chu Kang Ave 4 #01-307 ,680445,Civil Defence Public Shelter (HDB)
HDB,Blk 447 Choa Chu Kang Ave 4 #01-371 ,680447,Civil Defence Public Shelter (HDB)
HDB,Blk 504 Choa Chu Kang St 51 #01-173,680504,Civil Defence Public Shelter (HDB)
HDB,Blk 505 Choa Chu Kang St 51 #01-191 ,680505,Civil Defence Public Shelter (HDB)
HDB,Blk 516 Choa Chu Kang St 51 #01-66 ,680516,Civil Defence Public Shelter (HDB)
HDB,Blk 517 Choa Chu Kang St 51 #01-30 ,680517,Civil Defence Public Shelter (HDB)
HDB,Blk 530 Choa Chu Kang St 51 #01-323 ,680530,Civil Defence Public Shelter (HDB)
HDB,Blk 541 Choa Chu Kang St 52 #01-46 ,680541,Civil Defence Public Shelter (HDB)
HDB,Blk 544 Choa Chu Kang St 52 #01-88 ,680544,Civil Defence Public Shelter (HDB)
HDB,Blk 549 Choa Chu Kang St 52 #01-13 ,680549,Civil Defence Public Shelter (HDB)
HDB,Blk 555 Choa Chu Kang North 6 #01-34,680555,Civil Defence Public Shelter (HDB)
HDB,Blk 561 Choa Chu Kang North 6 #01-82 ,680561,Civil Defence Public Shelter (HDB)
HDB,Blk 601 Choa Chu Kang St 62 #01-09 ,680601,Civil Defence Public Shelter (HDB)
HDB,Blk 610 Choa Chu Kang St 62 #01-161 ,680610,Civil Defence Public Shelter (HDB)
HDB,Blk 614 Choa Chu Kang St 62 #01-233,680614,Civil Defence Public Shelter (HDB)
HDB,Blk 620 Choa Chu Kang St 62 #01-18 ,680620,Civil Defence Public Shelter (HDB)
HDB,Blk 626 Choa Chu Kang St 62 #01-180 ,680626,Civil Defence Public Shelter (HDB)
HDB,Blk 639 Choa Chu Kang St 64 #01-31 ,680639,Civil Defence Public Shelter (HDB)
HDB,Blk 642 Choa Chu Kang Street  64 #01-65 ,680642,Civil Defence Public Shelter (HDB)
HDB,Blk 660 Choa Chu Kang Crescent #01-93 ,680660,Civil Defence Public Shelter (HDB)
HDB,Blk 704 Choa Chu Kang St 53 #01-80 ,680704,Civil Defence Public Shelter (HDB)
HDB,Blk 707 Choa Chu Kang St 53 #01-118 ,680707,Civil Defence Public Shelter (HDB)
HDB,Blk 753 Choa Chu Kang North 5 #01-213 ,680753,Civil Defence Public Shelter (HDB)
HDB,Blk 759 Choa Chu Kang North 5 #01-145 ,680759,Civil Defence Public Shelter (HDB)
HDB,Blk 764 Choa Chu Kang North 5 #01-275 ,680764,Civil Defence Public Shelter (HDB)
HDB,Blk 768 Choa Chu Kang St 54 #01-29 ,680768,Civil Defence Public Shelter (HDB)
HDB,Blk 785 Choa Chu Kang Drive #01-223 ,680785,Civil Defence Public Shelter (HDB)
HDB,Blk 790 Choa Chu Kang North 6 #01-238 ,680790,Civil Defence Public Shelter (HDB)
HDB,Blk 632A Choa Chu Kang North 6 #B1-01 ,681632,Civil Defence Public Shelter (HDB)
HDB,Blk 351 Woodlands Ave 1 #01-721 ,730351,Civil Defence Public Shelter (HDB)
HDB,Blk 355 Woodlands Ave 1 #01-707 ,730355,Civil Defence Public Shelter (HDB)
HDB,Blk 363 Woodlands Ave 5 #01-440,730363,Civil Defence Public Shelter (HDB)
HDB,Blk 368 Woodlands Ave 1 #01-807 ,730368,Civil Defence Public Shelter (HDB)
HDB,Blk 401 Woodlands St 41 #01-30 ,730401,Civil Defence Public Shelter (HDB)
HDB,Blk 408 Woodlands St 41 #01-09 ,730408,Civil Defence Public Shelter (HDB)
HDB,Blk 418 Woodlands St 41 #01-131 ,730418,Civil Defence Public Shelter (HDB)
HDB,Blk 424 Woodlands St 41 #01-340,730424,Civil Defence Public Shelter (HDB)
HDB,Blk 601 Woodlands Dr 42 #01-83 ,730601,Civil Defence Public Shelter (HDB)
HDB,Blk 605 Woodlands Dr 42 #01-105 ,730605,Civil Defence Public Shelter (HDB)
HDB,Blk 702 Woodlands Dr 40 #01-88 ,730702,Civil Defence Public Shelter (HDB)
HDB,Blk 710 Woodlands Dr 40 #01-45 ,730710,Civil Defence Public Shelter (HDB)
HDB,Blk 711 Woodlands Dr 40 #01-65,730711,Civil Defence Public Shelter (HDB)
HDB,Blk 717 Woodlands Dr 70 #01-114 ,730717,Civil Defence Public Shelter (HDB)
HDB,Blk 718 Woodlands Ave 6 #01-684 ,730718,Civil Defence Public Shelter (HDB)
HDB,Blk 721 Woodlands Circle #01-122 ,730721,Civil Defence Public Shelter (HDB)
HDB,Blk 724 Woodlands Ave 6 #01-502 ,730724,Civil Defence Public Shelter (HDB)
HDB,Blk 729 Woodlands Circle #01-47 ,730729,Civil Defence Public Shelter (HDB)
HDB,Blk 738 Woodlands Circle #01-373 ,730738,Civil Defence Public Shelter (HDB)
HDB,Blk 740 Woodlands Circle #01-413 ,730740,Civil Defence Public Shelter (HDB)
HDB,Blk 743 Woodlands Circle #01-465,730743,Civil Defence Public Shelter (HDB)
HDB,Blk 747 Woodlands Circle #01-708,730747,Civil Defence Public Shelter (HDB)
HDB,Blk 749 Woodlands Circle #01-604,730749,Civil Defence Public Shelter (HDB)
HDB,Blk 756 Woodlands Ave 4 #01-283 ,730756,Civil Defence Public Shelter (HDB)
HDB,Blk 759 Woodlands Ave 6 #01-32 ,730759,Civil Defence Public Shelter (HDB)
HDB,Blk 763 Woodlands Ave 6 #01-70 ,730763,Civil Defence Public Shelter (HDB)
HDB,Blk 791 Woodlands Ave 6 #01-603 ,730791,Civil Defence Public Shelter (HDB)
HDB,Blk 792 Woodlands Ave 7 #01-675 ,730792,Civil Defence Public Shelter (HDB)
HDB,Blk 795 Woodlands Dr 72 #01-13 ,730795,Civil Defence Public Shelter (HDB)
HDB,Blk 810 Woodlands St 81 #01-191A ,730810,Civil Defence Public Shelter (HDB)
HDB,Blk 827 Woodlands St 81 #01-92 ,730827,Civil Defence Public Shelter (HDB)
HDB,Blk 846 Woodlands Ave 4 #01-612 ,730846,Civil Defence Public Shelter (HDB)
HDB,Blk 851 Woodlands Street 83 #01-18 ,730851,Civil Defence Public Shelter (HDB)
HDB,Blk 859 Woodlands St 83 #01-140 ,730859,Civil Defence Public Shelter (HDB)
HDB,Blk 871 Woodlands Street 81 #01-292 ,730871,Civil Defence Public Shelter (HDB)
HDB,Blk 876 Woodlands Ave 9 #01-256,730876,Civil Defence Public Shelter (HDB)
HDB,Blk 880 Woodlands St 82 #01-08,730880,Civil Defence Public Shelter (HDB)
HDB,Blk 892A Woodlands Dr 50 #01-153 ,730892,Civil Defence Public Shelter (HDB)
HDB,Blk 897A Woodlands Dr 50 #01-50,730897,Civil Defence Public Shelter (HDB)
HDB,Blk 899A Woodlands Dr 50 #01-250 ,730899,Civil Defence Public Shelter (HDB)
HDB,Blk 894B Woodlands Dr 50 #01-49 ,731894,Civil Defence Public Shelter (HDB)
HDB,Blk 895B Woodlands Dr 50 #01-24 ,731894,Civil Defence Public Shelter (HDB)
HDB,Blk 899C Woodlands Dr 50 #01-296 ,732899,Civil Defence Public Shelter (HDB)
HDB,Blk 310 Yishun Ring Road #01-1230 ,760310,Civil Defence Public Shelter (HDB)
Labrador Park MRT Station (Circle Line),701 Telok Blangah Road,109029,Civil Defence Public Shelter (MRT Station)
Haw Par Villa MRT Station (Circle Line),270 Pasir Panjang Road,117396,Civil Defence Public Shelter (MRT Station)
Buona Vista MRT Station (Circle Line),150 North Buona Vista Road,139350,Civil Defence Public Shelter (MRT Station)
Tiong Bahru MRT Station(East-West Line),300 Tiong Bahru Road,168731,Civil Defence Public Shelter (MRT Station)
City Hall MRT Station (North-South Line),150 North Bridge Road,179100,Civil Defence Public Shelter (MRT Station)
Bugis MRT Station (East-West Line),220 Victoria Street,188022,Civil Defence Public Shelter (MRT Station)
Lavender MRT Station(East-West Line),50 Kallang Road,208699,Civil Defence Public Shelter (MRT Station)
Farrer Park MRT Station (North-East Line),250 Race Course Road,218703,Civil Defence Public Shelter (MRT Station)
Newton MRT Station (North-South Line),49 Scotts Road,228234,Civil Defence Public Shelter (MRT Station)
Little India MRT Station (North-East Line),60 Bukit Timah Road,229900,Civil Defence Public Shelter (MRT Station)
Somerset MRT Station(North-South Line),1 Somerset Road,238162,Civil Defence Public Shelter (MRT Station)
Botanic Gardens MRT Station (Circle Line),491 Bukit Timah Road,259777,Civil Defence Public Shelter (MRT Station)
Tan Kah Kee MRT Station (Downtown Line),651 Bukit Timah Road,266268,Civil Defence Public Shelter (MRT Station)
Sixth Avenue MRT Station (Downtown Line),777 Bukit Timah Road,269784,Civil Defence Public Shelter (MRT Station)
Caldecott MRT Station (Circle Line),38 Toa Payoh Rise,298113,Civil Defence Public Shelter (MRT Station)
Braddell MRT Station (North-South Line),377 Lorong 1 Toa Payoh,319756,Civil Defence Public Shelter (MRT Station)
Boon Keng MRT Station (North-East Line),900 Serangoon Road,328260,Civil Defence Public Shelter (MRT Station)
Geylang Bahru MRT Station  (Downtown Line),"541 Kallang Bahru, #B2-01",339355,Civil Defence Public Shelter (MRT Station)
Potong Pasir MRT Station (North-East Line),55 Upper Serangoon Road,347694,Civil Defence Public Shelter (MRT Station)
Woodleigh MRT Station (North-East Line),400 Upper Serangoon Road,347695,Civil Defence Public Shelter (MRT Station)
Macpherson MRT Station (Circle Line),10 Circuit Link,378956,Civil Defence Public Shelter (MRT Station)
Dakota MRT Station (Circle Line),201 Old Airport Road,397973,Civil Defence Public Shelter (MRT Station)
Mountbatten MRT Station (Circle Line),301 Mountbatten Road,398006,Civil Defence Public Shelter (MRT Station)
Bedok Reservoir MRT Station (Downtown Line),371 Bedok North Avenue 3,469724,Civil Defence Public Shelter (MRT Station)
Bedok North MRT Station (Downtown Line),"651 Bedok North Road, #B1-01",479481,Civil Defence Public Shelter (MRT Station)
Expo MRT Station (Downtown Line),"2 Expo Drive, #B2-01",485985,Civil Defence Public Shelter (MRT Station)
Upper Changi MRT Station (Downtown Line),"690 Upper Changi Road East, #B3-01",485990,Civil Defence Public Shelter (MRT Station)
Tampines MRT Station (Downtown Line),15 Tampines Central 1,529544,Civil Defence Public Shelter (MRT Station)
Tampines East MRT Station (Downtown Line),20 Tampines Avenue 7,529623,Civil Defence Public Shelter (MRT Station)
Tampines West MRT Station (Downtown Line),2 Tampines Ave 4,529683,Civil Defence Public Shelter (MRT Station)
Kovan MRT Station (North-East Line),900 Upper Serangoon Road,534799,Civil Defence Public Shelter (MRT Station)
Hougang MRT Station (North-East Line),80 Hougang Central,538758,Civil Defence Public Shelter (MRT Station)
Bartley MRT Station (Circle Line),90 Bartley Road,539788,Civil Defence Public Shelter (MRT Station)
Buangkok  MRT Station (North-East Line),10 Sengkang Central,545061,Civil Defence Public Shelter (MRT Station)
Lorong Chuan MRT Station (Circle Line),150 Serangoon Avenue 3,554533,Civil Defence Public Shelter (MRT Station)
Serangoon MRT Station (North-East Line),21 Serangoon Central,556082,Civil Defence Public Shelter (MRT Station)
Mayflower MRT Station (Thomson-East Coast Line),91 Ang Mo Kio Ave 4,569900,Civil Defence Public Shelter (MRT Station)
Bright Hill MRT Station (Thomson-East Coast Line),100 Sin Ming Ave ,575737,Civil Defence Public Shelter (MRT Station)
Bishan MRT Station (Circle Line),200 Bishan Road,579827,Civil Defence Public Shelter (MRT Station)
Beauty World MRT Station (Downtown Line),101 Upper Bukit Timah Road,588216,Civil Defence Public Shelter (MRT Station)
King Albert Park MRT Station (Downtown Line),2 Blackmore Drive,599987,Civil Defence Public Shelter (MRT Station)
Hillview MRT Station (Downtown Line),510 Upper Bukit Timah Road,678211,Civil Defence Public Shelter (MRT Station)
Bukit Panjang MRT Station (Downtown Line),950 Upper Bukit Timah Road,678213,Civil Defence Public Shelter (MRT Station)
Cashew MRT Station (Downtown Line),1 Cashew Road,679696,Civil Defence Public Shelter (MRT Station)
Woodlands MRT Station (Thomson-East Coast Line),11 Woodlands Square,737736,Civil Defence Public Shelter (MRT Station)
Lentor MRT Station (Thomson-East Coast Line),1 Lentor Drive ,789361,Civil Defence Public Shelter (MRT Station)
Marina Bay MRT Station (North-South Line),21 Park Street,18925,Civil Defence Public Shelter (MRT Station)
Raffles Place MRT Station (North-South Line),5 Raffles Place,48618,Civil Defence Public Shelter (MRT Station)
Chinatown MRT Station (North-East Line),151 New Bridge Road,59443,Civil Defence Public Shelter (MRT Station)
Clarke Quay MRT Station (North-East Line),10 Eu Tong Sen Street,59815,Civil Defence Public Shelter (MRT Station)
Outram Park MRT Station (North-East Line),300 Eu Tong Sen Street,59816,Civil Defence Public Shelter (MRT Station)
Habourfront MRT Station (North-East Line),81 Telok Blangah Road,98867,Civil Defence Public Shelter (MRT Station)
Mount Pleasant MRT Station (Thomson-East Coast Line),14 Denham Road,299781,Civil Defence Public Shelter (MRT Station)
Gardens By The Bay MRT Station (Thomson-East Coast Line),11 Marina Mall,19396,Civil Defence Public Shelter (MRT Station)
Tanjong Rhu MRT Station (Thomson-East Coast Line),2 Tanjong Rhu Place,436488,Civil Defence Public Shelter (MRT Station)
Marine Parade MRT Station (Thomson-East Coast Line),101 Marine Parade Road,449971,Civil Defence Public Shelter (MRT Station)
Marine Terrace MRT Station (Thomson-East Coast Line),304 Marine Parade Road,449970,Civil Defence Public Shelter (MRT Station)
Siglap MRT Station (Thomson-East Coast Line),1000 Marine Parade Road,449969,Civil Defence Public Shelter (MRT Station)
Bayshore MRT Station (Thomson-East Coast Line),31 Bayshore Road,469958,Civil Defence Public Shelter (MRT Station)
Fusionopolis One Parking carpark,1 Fusionopolis Way,138632,Civil Defence Public Shelter (Public Development)
The Atrium @ Orchard carpark ,60 Orchard Road,238889,Civil Defence Public Shelter (Public Development)
Civil Service College car park,31 North Buona Vista Road,275983,Civil Defence Public Shelter (Public Development)
Revenue House,55 Newton Road,307987,Civil Defence Public Shelter (Public Development)
Temasek Polytechnic,21 Tampines Avenue 1,529757,Civil Defence Public Shelter (Public Development)
Nanyang Polytechnic,180 Ang Mo Kio Avenue 8,569830,Civil Defence Public Shelter (Public Development)
BCA Academy,200 Braddell Road,579700,Civil Defence Public Shelter (Public Development)
Kent Ridge Secondary,147 West Coast Road,127368,Civil Defence Public Shelter (School)
Clementi Woods Secondary (Former),170 West Coast Road ,127443,Civil Defence Public Shelter (School)
New Town Secondary ,1020 Dover Road  ,139657,Civil Defence Public Shelter (School)
Queenstown Secondary ,1 Strathmore Road ,148800,Civil Defence Public Shelter (School)
Bukit Merah Secondary ,10 Lengkok Bahru ,159050,Civil Defence Public Shelter (School)
Henderson Secondary (Former),100 Henderson Road,159544,Civil Defence Public Shelter (School)
Anglo-Chinese School (Junior),16 Winstedt Road ,227988,Civil Defence Public Shelter (School)
Cresent Girls' Secondary ,357 Tanglin Road  ,247961,Civil Defence Public Shelter (School)
Hwa Chong Institution,661 Bukit Timah Road ,269734,Civil Defence Public Shelter (School)
Balestier Hill Secondary (Former),11  Novena Rise ,307516,Civil Defence Public Shelter (School)
Bendemeer Secondary ,1 Saint Wilfred Road ,327919,Civil Defence Public Shelter (School)
Cedar Girl�s School,1 Cedar Avenue ,349692,Civil Defence Public Shelter (School)
Bedok North Secondary (Former),20 Jalan Damai,419612,Civil Defence Public Shelter (School)
Dunman High ,10 Tanjong Rhu Rd ,436895,Civil Defence Public Shelter (School)
Tanjong Katong Girls' ,20 Dunman Lane ,437126,Civil Defence Public Shelter (School)
Tanjong Katong Secondary ,130 Haig Road ,438796,Civil Defence Public Shelter (School)
Temasek Secondary ,600 Upper East Coast Road,465561,Civil Defence Public Shelter (School)
Bedok South Secondary ,1 Jalan Langgar Bedok ,468585,Civil Defence Public Shelter (School)
Damai Secondary ,4800 Bedok Reservoir Road  ,479229,Civil Defence Public Shelter (School)
Meridian Secondary,31 Pasir Ris Street 51,518901,Civil Defence Public Shelter (School)
Pasir Ris Crescent Secondary,11 Pasir Ris Street 41 ,518934,Civil Defence Public Shelter (School)
Greenview Secondary (Former),15 Pasir Ris Street 21 ,518969,Civil Defence Public Shelter (School)
Siglap Secondary (Former),10 Pasir Ris Drive 10  ,519385,Civil Defence Public Shelter (School)
Junyuan Secondary ,11 Tampines Street 84  ,528933,Civil Defence Public Shelter (School)
East Spring Secondary,30 Tampines Street 34 ,529231,Civil Defence Public Shelter (School)
Ngee Ann Secondary ,1 Tampines Street 32 ,529283,Civil Defence Public Shelter (School)
Springfield Secondary ,30 Tampines Avenue 8 ,529593,Civil Defence Public Shelter (School)
Changkat Changi Secondary,23 Simei Street 3 ,529894,Civil Defence Public Shelter (School)
Hougang Secondary,2 Hougang Street 93 ,534256,Civil Defence Public Shelter (School)
Bartley Secondary ,10 Jalan Bunga Rampai,538403,Civil Defence Public Shelter (School)
Sengkang Secondary ,10 Compassvale Lane  ,545090,Civil Defence Public Shelter (School)
Zhonghua Secondary ,13 Serangoon Ave 3  ,556123,Civil Defence Public Shelter (School)
St Gabriel�s Secondary ,24 Serangoon Ave 1,556140,Civil Defence Public Shelter (School)
Anderson Secondary ,10 Ang Mo Kio Street 53 ,569206,Civil Defence Public Shelter (School)
Chong Boon Secondary (Former),2 Ang Mo Kio Street 44 ,569250,Civil Defence Public Shelter (School)
Deyi Secondary ,1 Ang Mo Kio Street 42,569277,Civil Defence Public Shelter (School)
Yio Chu Kang Secondary ,3063 Ang Mo Kio Avenue 5 ,569868,Civil Defence Public Shelter (School)
Peirce Secondary ,10 Sin Ming Walk  ,575566,Civil Defence Public Shelter (School)
Whitley Secondary ,30 Bishan Street 24 ,579747,Civil Defence Public Shelter (School)
Crest Secondary  ,561 Jurong East Street 24  ,609561,Civil Defence Public Shelter (School)
Boon Lay Secondary,11 Jurong West Street 65,648354,Civil Defence Public Shelter (School)
Pioneer Secondary (Former),21 Jurong West Street 81 ,649075,Civil Defence Public Shelter (School)
Hong Kah Secondary (Former) ,931 Jurong West Street 42  ,649370,Civil Defence Public Shelter (School)
Yusof Ishak Secondary,11 Bukit Batok Street 25  ,658712,Civil Defence Public Shelter (School)
Dunearn Secondary ,21 Bukit Batok West Ave2  ,659204,Civil Defence Public Shelter (School)
Fajar Secondary ,31 Gangsa Road ,678972,Civil Defence Public Shelter (School)
Chestnut Drive Secondary (Former),58 Chestnut Drive ,679301,Civil Defence Public Shelter (School)
Teck Whye Secondary,31 Teck Whye Crescent ,688848,Civil Defence Public Shelter (School)
Unity Secondary,20 Choa Chu Kang Street 62 ,689143,Civil Defence Public Shelter (School)
Kranji Secondary ,61 Choa Chu Kang Street 51 ,689333,Civil Defence Public Shelter (School)
Bukit Panjang Govt. High ,7 Choa Chu Kang Avenue 4 ,689809,Civil Defence Public Shelter (School)
Admiralty Secondary,31 Woodlands Crescent ,737916,Civil Defence Public Shelter (School)
Woodlands Ring Secondary  ,10 Woodlands Ring Road  ,738239,Civil Defence Public Shelter (School)
Woodgrove Secondary,3 Woodlands Avenue 6 ,738990,Civil Defence Public Shelter (School)
Sembawang Secondary  ,30 Sembawang Crescent ,757704,Civil Defence Public Shelter (School)
Orchid Park Secondary,10 Yishun Street 81,768454,Civil Defence Public Shelter (School)
Northland Secondary ,3 Yishun Street 22,768578,Civil Defence Public Shelter (School)
Northbrook Secondary,585 Yishun Ring Road ,768692,Civil Defence Public Shelter (School)
